<?xml version="1.0" encoding="UTF-8" standalone="yes"?>
<addon id="plugin.video.cafe_t3ch"
       name="Cafe T3ch"
       version="1.0.1"
       provider-name="cafe t3ch">
  <requires>
    <import addon="xbmc.python" version="2.1.0"/>
    <import addon="script.module.requests"/>
  </requires>
  <extension point="xbmc.python.pluginsource"
            library="default.py">
        <provides>video</provides>
  </extension>
  <extension point="xbmc.addon.metadata">
    <summary lang="en">Cafe T3ch</summary>
    <language>en</language>
    <description lang="en">Live tv addon for free</description>
     <platform>all</platform>
  </extension>
</addon>
